year,burnt_area_ha,note,source
1994,437602,worst pre-EFFIS season on record,Spanish Ministry of Environment (MITECO) via Euronews report
2003,425000,severe fire-weather year,EFFIS via World Weather Attribution
2005,350000,severe fire-weather year,EFFIS via World Weather Attribution
2006,NA,start of EFFIS 2006-2024 20yr reference average ~100000 ha/yr,EFFIS 2006-2024 reference period average (World Weather Attribution)
2017,540000,all-time EFFIS record prior to 2025,EFFIS via World Weather Attribution
2022,306000,3rd worst modern season,EFFIS via Statista
2024,42500,quiet year,EFFIS via Statista
2025,393079,worst season since 1994; new EFFIS-era record for Spain,EFFIS Statistics Portal (forest-fire.emergency.copernicus.eu)
2026,194122,"PROVISIONAL - active season, as of 5 Aug 2026 (not a final annual total; excluded from the completed-season anomaly chart for that reason - see crisis_2026.csv for full current-season detail)","MITECO via El Diario Cantabria/Publico, 5 Aug 2026"
